{"method": "cart", "params": {"n_trees": 100, "min_leaf_population": 5, "bag_fraction": 0.5, "shrinkage": 0.005, "max_nodes": null, "variables_per_split": null, "sampling_rate": null, "loss_function": null, "beta_multiplier": null, "output_format": null, "auto_feature": null, "linear": null, "quadratic": null, "product": null, "threshold": null, "hinge": null, "extrapolate": null, "do_clamp": null, "beta": null, "seed": null, "lambda_": 0.1}, "metrics": {"training": {"cbi": 0.9981573926705645, "auc_roc": 0.9514212909557342, "auc_pr": 0.9475754828667518, "tss": 0.8008298755186722, "ba": 0.9004149377593361, "threshold_5pct": 0.2857142857142857, "threshold_10pct": 0.4545454545454546, "point_biserial": 0.8279261096469411}}, "cv_results": null, "similarity_range": [0.00980392156862745, 0.9791666666666666], "similarities": [0.5714285714285714, 0.8938053097345132, 0.9090909090909092, 0.8938053097345132, 0.8571428571428571, 0.9, 0.875, 0.8938053097345132, 0.9791666666666666, 0.5714285714285714, 0.9791666666666666, 0.7142857142857142, 0.9791666666666666, 0.8938053097345132, 0.8938053097345132, 0.8, 0.9791666666666666, 0.8461538461538463, 0.16666666666666666, 0.75, 0.9791666666666666, 0.9791666666666666, 0.8571428571428571, 0.8938053097345132, 0.8461538461538463, 0.875, 0.16666666666666666, 0.8857142857142857, 0.9791666666666666, 0.9791666666666666, 0.8857142857142857, 0.9791666666666666, 0.5714285714285714, 0.8857142857142857, 0.9791666666666666, 0.9791666666666666, 0.875, 0.9791666666666666, 0.9791666666666666, 0.9791666666666666, 0.8461538461538463, 0.9791666666666666, 0.9791666666666666, 0.8938053097345132, 0.9, 0.42857142857142855, 0.9791666666666666, 0.5714285714285714, 0.4545454545454546, 0.9285714285714285, 0.9166666666666666, 0.9, 0.8938053097345132, 0.8938053097345132, 0.8857142857142857, 0.9285714285714285, 0.75, 0.4444444444444444, 0.8938053097345132, 0.8857142857142857, 0.8857142857142857, 0.8938053097345132, 0.8857142857142857, 0.8857142857142857, 0.9090909090909092, 0.8938053097345132, 0.875, 0.7142857142857142, 0.7142857142857142, 0.8938053097345132, 0.8938053097345132, 0.5, 0.8857142857142857, 0.875, 0.42857142857142855, 0.9791666666666666, 0.42857142857142855, 0.9791666666666666, 0.9791666666666666, 0.9791666666666666, 0.8857142857142857, 0.9791666666666666, 0.8181818181818182, 0.9166666666666666, 0.9285714285714285, 0.8857142857142857, 0.9791666666666666, 0.8857142857142857, 0.8857142857142857, 0.8857142857142857, 0.8938053097345132, 0.8857142857142857, 0.8181818181818182, 0.8181818181818182, 0.9791666666666666, 0.8938053097345132, 0.9, 0.8571428571428571, 0.8938053097345132, 0.21428571428571427, 0.8, 0.8571428571428571, 0.9791666666666666, 0.875, 0.9791666666666666, 0.9166666666666666, 0.8938053097345132, 0.9285714285714285, 0.875, 0.4545454545454546, 0.9791666666666666, 0.8938053097345132, 0.8938053097345132, 0.5, 0.9791666666666666, 0.2222222222222222, 0.9791666666666666, 0.9791666666666666, 0.9791666666666666, 0.9791666666666666, 0.5, 0.9791666666666666, 0.9791666666666666, 0.9791666666666666, 0.9166666666666666, 0.8857142857142857, 0.8857142857142857, 0.8857142857142857, 0.875, 0.8938053097345132, 0.9791666666666666, 0.8938053097345132, 0.8938053097345132, 0.9791666666666666, 0.9, 0.9791666666666666, 0.9, 0.8938053097345132, 0.9, 0.8, 0.8938053097345132, 0.8938053097345132, 0.9791666666666666, 0.9, 0.8181818181818182, 0.8571428571428571, 0.9791666666666666, 0.9, 0.9285714285714285, 0.8938053097345132, 0.7142857142857142, 0.9, 0.9, 0.75, 0.8938053097345132, 0.5714285714285714, 0.8938053097345132, 0.8938053097345132, 0.8938053097345132, 0.8938053097345132, 0.8857142857142857, 0.8857142857142857, 0.9, 0.375, 0.8461538461538463, 0.8461538461538463, 0.2222222222222222, 0.75, 0.9285714285714285, 0.7142857142857142, 0.8938053097345132, 0.9, 0.9791666666666666, 0.8938053097345132, 0.5714285714285714, 0.625, 0.8857142857142857, 0.3333333333333333, 0.8, 0.6666666666666666, 0.16666666666666666, 0.8938053097345132, 0.9791666666666666, 0.8857142857142857, 0.16666666666666666, 0.9791666666666666, 0.8938053097345132, 0.4444444444444444, 0.4444444444444444, 0.8857142857142857, 0.8857142857142857, 0.875, 0.9791666666666666, 0.7142857142857142, 0.75, 0.9791666666666666, 0.9, 0.9791666666666666, 0.9791666666666666, 0.9791666666666666, 0.8857142857142857, 0.9166666666666666, 0.9285714285714285, 0.9, 0.21428571428571427, 0.9, 0.9090909090909092, 0.8857142857142857, 0.9791666666666666, 0.9791666666666666, 0.9285714285714285, 0.9166666666666666, 0.9791666666666666, 0.8857142857142857, 0.9791666666666666, 0.5, 0.9285714285714285, 0.8857142857142857, 0.9166666666666666, 0.8857142857142857, 0.75, 0.8938053097345132, 0.2857142857142857, 0.9, 0.9791666666666666, 0.2857142857142857, 0.8857142857142857, 0.8857142857142857, 0.8857142857142857, 0.4545454545454546, 0.9, 0.8, 0.06451612903225806, 0.9791666666666666, 0.9, 0.6666666666666666, 0.8857142857142857, 0.75, 0.8938053097345132, 0.8938053097345132, 0.8938053097345132, 0.8857142857142857, 0.8938053097345132, 0.8857142857142857, 0.8938053097345132, 0.2857142857142857, 0.8938053097345132, 0.9791666666666666, 0.3333333333333333, 0.8938053097345132, 0.9285714285714285, 0.2222222222222222, 0.8857142857142857, 0.8938053097345132, 0.3333333333333333, 0.7142857142857142, 0.8857142857142857, 0.75, 0.9, 0.8938053097345132, 0.8857142857142857, 0.5714285714285714, 0.8938053097345132, 0.8938053097345132, 0.8938053097345132, 0.8938053097345132, 0.8938053097345132, 0.8938053097345132, 0.8938053097345132, 0.8938053097345132, 0.8938053097345132, 0.8938053097345132, 0.9090909090909092, 0.8938053097345132, 0.9090909090909092, 0.3333333333333333, 0.7142857142857142, 0.8938053097345132, 0.8938053097345132, 0.8857142857142857, 0.9791666666666666, 0.9, 0.9791666666666666, 0.8, 0.8938053097345132, 0.8938053097345132, 0.8938053097345132, 0.8938053097345132, 0.625, 0.4444444444444444, 0.8, 0.625, 0.625, 0.16666666666666666, 0.8938053097345132, 0.9090909090909092, 0.9090909090909092, 0.875, 0.8181818181818182, 0.875, 0.6666666666666666, 0.875, 0.9791666666666666, 0.9791666666666666, 0.75, 0.9, 0.8181818181818182, 0.25, 0.8181818181818182, 0.9791666666666666, 0.9791666666666666, 0.8938053097345132, 0.9791666666666666, 0.4545454545454546, 0.9791666666666666, 0.08823529411764705, 0.9090909090909092, 0.9791666666666666, 0.9791666666666666, 0.9791666666666666, 0.9166666666666666, 0.4444444444444444, 0.8938053097345132, 0.75, 0.9166666666666666, 0.8857142857142857, 0.8857142857142857, 0.4444444444444444, 0.8857142857142857, 0.9166666666666666, 0.9, 0.8938053097345132, 0.9, 0.8181818181818182, 0.8857142857142857, 0.8857142857142857, 0.8857142857142857, 0.8857142857142857, 0.9, 0.9791666666666666, 0.42857142857142855, 0.9791666666666666, 0.9791666666666666, 0.9791666666666666, 0.8857142857142857, 0.8857142857142857, 0.9791666666666666, 0.8857142857142857, 0.8857142857142857, 0.7142857142857142, 0.8857142857142857, 0.8938053097345132, 0.7142857142857142, 0.9166666666666666, 0.75, 0.8857142857142857, 0.9166666666666666, 0.9791666666666666, 0.9791666666666666, 0.42857142857142855, 0.9285714285714285, 0.9791666666666666, 0.8938053097345132, 0.9791666666666666, 0.6666666666666666, 0.75, 0.9, 0.7142857142857142, 0.9791666666666666, 0.8857142857142857, 0.875, 0.375, 0.2222222222222222, 0.08823529411764705, 0.8857142857142857, 0.8938053097345132, 0.2857142857142857, 0.9166666666666666, 0.2222222222222222, 0.8857142857142857, 0.8938053097345132, 0.8, 0.8938053097345132, 0.8938053097345132, 0.9, 0.75, 0.9791666666666666, 0.9791666666666666, 0.8857142857142857, 0.9791666666666666, 0.9791666666666666, 0.8461538461538463, 0.875, 0.9791666666666666, 0.8938053097345132, 0.9, 0.16666666666666666, 0.9791666666666666, 0.8938053097345132, 0.08823529411764705, 0.9, 0.9, 0.9, 0.8938053097345132, 0.9166666666666666, 0.8938053097345132, 0.9285714285714285, 0.9166666666666666, 0.9166666666666666, 0.9791666666666666, 0.9, 0.9791666666666666, 0.9791666666666666, 